{"cameraMode":{"drawMode":0,"name":"Shaded","section":"Shading Mode"},"sceneLighting":true,"audioPlay":false,"sceneViewState":{"showFog":true,"showMaterialUpdate":false,"showSkybox":true,"showFlares":true,"showImageEffects":true,"showParticleSystems":true},"in2DMode":false,"pivot":{"x":-0.8168573379516602,"y":3.0857794284820558,"z":-0.5367281436920166},"rotation":{"x":-0.024681271985173227,"y":0.6981551051139832,"z":-0.024095918983221055,"w":-0.7151151895523071},"size":6.900240421295166,"orthographic":false}